Páginas principais,Cliques,Impressões,CTR,Posição
https://www.devlingo.com.br/termos/amplificador-de-potencia,13,330,3.94%,7.98
https://www.devlingo.com.br/termos/filtro-rejeita-faixa,8,331,2.42%,4.62
https://www.devlingo.com.br/termos/swapping,6,977,0.61%,7.17
https://www.devlingo.com.br/termos/system-calls,6,785,0.76%,6.07
https://www.devlingo.com.br/termos/equal,6,98,6.12%,5.46
https://www.devlingo.com.br/termos/overflow,5,1587,0.32%,7.44
https://www.devlingo.com.br/termos/jframe,5,604,0.83%,2.92
https://www.devlingo.com.br/termos/modelo-iterativo,5,391,1.28%,3.47
https://www.devlingo.com.br/termos/dts-audio,4,1403,0.29%,7.24
https://www.devlingo.com.br/termos/c99,4,786,0.51%,4.55
https://www.devlingo.com.br/termos/modulacao-fm,4,491,0.81%,7.15
https://www.devlingo.com.br/termos/onda-sismica,4,439,0.91%,7.24
https://www.devlingo.com.br/termos/computability,4,139,2.88%,6.4
https://www.devlingo.com.br/termos/innovation,4,104,3.85%,8.7
https://www.devlingo.com.br/,4,26,15.38%,2.12
https://www.devlingo.com.br/termos/char,3,16645,0.02%,8.69
https://www.devlingo.com.br/termos/bmp,3,1263,0.24%,8
https://www.devlingo.com.br/termos/mouse,3,636,0.47%,10.63
https://www.devlingo.com.br/termos/interferencia-de-sinal,3,626,0.48%,2.86
https://www.devlingo.com.br/termos/ico,3,556,0.54%,5.65
https://www.devlingo.com.br/termos/unsigned,3,406,0.74%,5.42
https://www.devlingo.com.br/termos/processador-multi-core,3,401,0.75%,6.8
https://www.devlingo.com.br/termos/form-submit,3,208,1.44%,14.57
https://www.devlingo.com.br/termos/onda-mecanica,3,119,2.52%,7.24
https://www.devlingo.com.br/termos/wear-leveling,3,109,2.75%,5.91
https://www.devlingo.com.br/termos/pipeline,3,107,2.8%,6.57
https://www.devlingo.com.br/termos/awt,3,100,3%,6.42
https://www.devlingo.com.br/termos/java-executors,3,51,5.88%,6.35
https://www.devlingo.com.br/termos/include-exclude,3,35,8.57%,5.86
https://www.devlingo.com.br/termos/ghz,2,1261,0.16%,8.53
https://www.devlingo.com.br/termos/pcm-audio,2,940,0.21%,8.9
https://www.devlingo.com.br/termos/delay,2,893,0.22%,6.73
https://www.devlingo.com.br/termos/ibm-pc,2,823,0.24%,8.07
https://www.devlingo.com.br/termos/stdlib-h,2,800,0.25%,7.5
https://www.devlingo.com.br/termos/nafta,2,706,0.28%,6.45
https://www.devlingo.com.br/termos/oitava,2,608,0.33%,3.62
https://www.devlingo.com.br/termos/throughput,2,471,0.42%,11.81
https://www.devlingo.com.br/termos/button,2,452,0.44%,6.54
https://www.devlingo.com.br/termos/ksh,2,347,0.58%,5.35
https://www.devlingo.com.br/termos/deflate,2,230,0.87%,7.18
https://www.devlingo.com.br/termos/es5-javascript,2,187,1.07%,4.94
https://www.devlingo.com.br/termos/n-key-rollover,2,172,1.16%,6.6
https://www.devlingo.com.br/termos/heap-dump,2,165,1.21%,5.31
https://www.devlingo.com.br/termos/amplitude-shift-keying-ask,2,138,1.45%,6.68
https://www.devlingo.com.br/termos/data-store,2,132,1.52%,55.02
https://www.devlingo.com.br/termos/set,2,127,1.57%,2.97
https://www.devlingo.com.br/termos/differential-phase-shift-keying-dpsk,2,77,2.6%,5.75
https://www.devlingo.com.br/termos/camera-compacta,2,62,3.23%,6.73
https://www.devlingo.com.br/termos/modelagem-climatica,2,57,3.51%,5.67
https://www.devlingo.com.br/termos/profiling,2,56,3.57%,6
https://www.devlingo.com.br/termos/modulacao-ofdm,2,37,5.41%,3.49
https://www.devlingo.com.br/termos/non-blocking-io,2,25,8%,3.8
https://www.devlingo.com.br/termos/modulacao-digital,2,25,8%,5.04
https://www.devlingo.com.br/termos/zeromq,2,25,8%,8.28
https://www.devlingo.com.br/termos/xml-layout,2,7,28.57%,3.43
https://www.devlingo.com.br/termos/undefined,1,2632,0.04%,8.2
https://www.devlingo.com.br/termos/monitor,1,1070,0.09%,10.05
https://www.devlingo.com.br/termos/src,1,882,0.11%,6.88
https://www.devlingo.com.br/termos/input-output,1,880,0.11%,7.94
https://www.devlingo.com.br/termos/zoom-optico,1,849,0.12%,7.41
https://www.devlingo.com.br/termos/sistema-de-som-pa,1,809,0.12%,8.09
https://www.devlingo.com.br/termos/wma,1,676,0.15%,5.03
https://www.devlingo.com.br/termos/interface,1,667,0.15%,13.87
https://www.devlingo.com.br/termos/urn,1,663,0.15%,5.68
https://www.devlingo.com.br/termos/hipocentro,1,570,0.18%,8.08
https://www.devlingo.com.br/termos/decibel,1,544,0.18%,11.74
https://www.devlingo.com.br/termos/quadrature-amplitude-modulation-qam,1,442,0.23%,7.47
https://www.devlingo.com.br/termos/google-chrome,1,383,0.26%,6.65
https://www.devlingo.com.br/termos/ciclo-de-clock,1,379,0.26%,6.66
https://www.devlingo.com.br/termos/web-store,1,377,0.27%,14.19
https://www.devlingo.com.br/termos/plaquetograma,1,335,0.3%,8.31
https://www.devlingo.com.br/termos/charts,1,333,0.3%,8.56
https://www.devlingo.com.br/termos/telescopios-espaciais,1,312,0.32%,4.41
https://www.devlingo.com.br/termos/gcd,1,309,0.32%,3.97
https://www.devlingo.com.br/termos/bit,1,308,0.32%,13
https://www.devlingo.com.br/termos/power-supply,1,300,0.33%,9.83
https://www.devlingo.com.br/termos/kml,1,265,0.38%,3.36
https://www.devlingo.com.br/termos/mozilla,1,236,0.42%,9.8
https://www.devlingo.com.br/termos/ansi-c,1,223,0.45%,4.68
https://www.devlingo.com.br/termos/dual-core-processor,1,210,0.48%,2.05
https://www.devlingo.com.br/termos/deca-core-processor,1,208,0.48%,7.34
https://www.devlingo.com.br/termos/race-condition,1,195,0.51%,11.51
https://www.devlingo.com.br/termos/internal-storage,1,194,0.52%,10.13
https://www.devlingo.com.br/termos/exec,1,180,0.56%,6.74
https://www.devlingo.com.br/termos/frequency-shift-keying,1,175,0.57%,5.35
https://www.devlingo.com.br/termos/ac-power,1,162,0.62%,8.06
https://www.devlingo.com.br/termos/speed-up,1,159,0.63%,9.08
https://www.devlingo.com.br/termos/hyper-threading,1,159,0.63%,10.43
https://www.devlingo.com.br/termos/analog-audio,1,155,0.65%,4.57
https://www.devlingo.com.br/termos/mongoose,1,154,0.65%,9.38
https://www.devlingo.com.br/termos/conversores-adc-e-dac,1,143,0.7%,5.66
https://www.devlingo.com.br/termos/ioexception,1,141,0.71%,5.63
https://www.devlingo.com.br/termos/device-driver,1,137,0.73%,8.13
https://www.devlingo.com.br/termos/binary-phase-shift-keying-bpsk,1,136,0.74%,4.42
https://www.devlingo.com.br/termos/pipeline-as-code,1,136,0.74%,44.2
https://www.devlingo.com.br/termos/controle-remoto,1,130,0.77%,4.7
https://www.devlingo.com.br/termos/angel-list,1,124,0.81%,11.07
https://www.devlingo.com.br/termos/cpu-cores,1,122,0.82%,5.89
https://www.devlingo.com.br/termos/mean-squared-error,1,121,0.83%,2.81
https://www.devlingo.com.br/termos/mamp,1,121,0.83%,7.69
https://www.devlingo.com.br/termos/otimizacao-matematica,1,114,0.88%,5.04
https://www.devlingo.com.br/termos/i2c,1,101,0.99%,10.1
https://www.devlingo.com.br/termos/qml,1,98,1.02%,6.32
https://www.devlingo.com.br/termos/power-adapter,1,97,1.03%,3.78
https://www.devlingo.com.br/termos/comutacao-de-dados,1,93,1.08%,9.52
https://www.devlingo.com.br/termos/distoria-cromatica,1,90,1.11%,5.6
https://www.devlingo.com.br/termos/hash-maps,1,87,1.15%,24.33
https://www.devlingo.com.br/termos/estabilidade-estrutural,1,86,1.16%,4.78
https://www.devlingo.com.br/termos/java-swing,1,73,1.37%,5.25
https://www.devlingo.com.br/termos/sensor-hall,1,72,1.39%,5.35
https://www.devlingo.com.br/termos/sinais-digitais,1,67,1.49%,3.51
https://www.devlingo.com.br/termos/return,1,66,1.52%,4.48
https://www.devlingo.com.br/termos/lossless-compression,1,61,1.64%,4.48
https://www.devlingo.com.br/termos/java-collection,1,60,1.67%,6.58
https://www.devlingo.com.br/termos/java-lang-illegalargumentexception,1,58,1.72%,4.41
https://www.devlingo.com.br/termos/resistencia-material,1,57,1.75%,3.53
https://www.devlingo.com.br/termos/standard-error,1,57,1.75%,7.98
https://www.devlingo.com.br/termos/systems-analysis,1,57,1.75%,9.98
https://www.devlingo.com.br/termos/bar-chart,1,56,1.79%,11.64
https://www.devlingo.com.br/termos/kendo-grid,1,55,1.82%,9
https://www.devlingo.com.br/termos/dts-x,1,54,1.85%,8.57
https://www.devlingo.com.br/termos/user-space,1,52,1.92%,2.69
https://www.devlingo.com.br/termos/kbps,1,51,1.96%,4.76
https://www.devlingo.com.br/termos/instantiate,1,51,1.96%,6.94
https://www.devlingo.com.br/termos/memory-profiling,1,50,2%,4.32
https://www.devlingo.com.br/termos/projetor,1,50,2%,5.62
https://www.devlingo.com.br/termos/layered-architecture,1,50,2%,9.24
https://www.devlingo.com.br/termos/spinlock,1,47,2.13%,8.3
https://www.devlingo.com.br/termos/ismn,1,46,2.17%,5.46
https://www.devlingo.com.br/termos/backtracking-algorithm,1,45,2.22%,9.51
https://www.devlingo.com.br/termos/gigabyte,1,42,2.38%,4.36
https://www.devlingo.com.br/termos/monitor-de-referencia,1,41,2.44%,7.93
https://www.devlingo.com.br/termos/epitopos,1,39,2.56%,3.05
https://www.devlingo.com.br/termos/serial-ata-sata,1,39,2.56%,5.97
https://www.devlingo.com.br/termos/fish,1,39,2.56%,7
https://www.devlingo.com.br/termos/radio-frequencia,1,38,2.63%,4.53
https://www.devlingo.com.br/termos/vst-plugins,1,38,2.63%,4.68
https://www.devlingo.com.br/termos/filtros-digitais,1,38,2.63%,5.76
https://www.devlingo.com.br/termos/mixin,1,38,2.63%,10.71
https://www.devlingo.com.br/termos/superposicao-quantica,1,37,2.7%,3.03
https://www.devlingo.com.br/termos/jscrollpane,1,37,2.7%,6.16
https://www.devlingo.com.br/termos/mapping,1,35,2.86%,3.49
https://www.devlingo.com.br/termos/weblogic,1,33,3.03%,9.85
https://www.devlingo.com.br/termos/lentes-interchangeaveis,1,33,3.03%,23.7
https://www.devlingo.com.br/termos/dimensionamento-de-infraestrutura,1,30,3.33%,7.53
https://www.devlingo.com.br/termos/blocking,1,29,3.45%,4.76
https://www.devlingo.com.br/termos/sincronizacao-de-tempo,1,28,3.57%,2
https://www.devlingo.com.br/termos/haproxy,1,28,3.57%,12.68
https://www.devlingo.com.br/termos/jdk,1,27,3.7%,3.26
https://www.devlingo.com.br/termos/precision,1,27,3.7%,3.7
https://www.devlingo.com.br/termos/amplificador-optico,1,27,3.7%,8.85
https://www.devlingo.com.br/termos/gui,1,26,3.85%,7.5
https://www.devlingo.com.br/termos/polyfill,1,25,4%,18.92
https://www.devlingo.com.br/termos/java-method-overloading,1,24,4.17%,23.12
https://www.devlingo.com.br/termos/assertionerror,1,23,4.35%,2.78
https://www.devlingo.com.br/termos/blackberry,1,23,4.35%,6.96
https://www.devlingo.com.br/termos/relatorios-de-teste,1,21,4.76%,1.81
https://www.devlingo.com.br/termos/android-studio,1,21,4.76%,4.86
https://www.devlingo.com.br/termos/auro-3d,1,20,5%,4.75
https://www.devlingo.com.br/por-que-aprender/gmail,1,20,5%,5.85
https://www.devlingo.com.br/termos/interpretadores,1,19,5.26%,5.58
https://www.devlingo.com.br/termos/filewriter-java,1,16,6.25%,5.88
https://www.devlingo.com.br/termos/toxicologia-ambiental,1,16,6.25%,7.56
https://www.devlingo.com.br/termos/domparser,1,15,6.67%,3.8
https://www.devlingo.com.br/termos/vigenere-cipher,1,15,6.67%,6.13
https://www.devlingo.com.br/termos/microfone-de-condensador,1,14,7.14%,5.64
https://www.devlingo.com.br/termos/dynamic-loading,1,14,7.14%,9.93
https://www.devlingo.com.br/termos/nand-flash,1,14,7.14%,11.86
https://www.devlingo.com.br/termos/telegram,1,12,8.33%,4.33
https://www.devlingo.com.br/termos/kafka-producer-api,1,12,8.33%,6.92
https://www.devlingo.com.br/termos/disponibilidade-de-servicos,1,11,9.09%,2.73
https://www.devlingo.com.br/termos/banco-de-dados-em-memoria,1,11,9.09%,4.18
https://www.devlingo.com.br/por-que-aprender/prepared-statements,1,10,10%,3.1
https://www.devlingo.com.br/termos/abstract-window-toolkit,1,10,10%,3.9
https://www.devlingo.com.br/termos/abstract-method,1,8,12.5%,5
https://www.devlingo.com.br/termos/man-pages,1,6,16.67%,2.17
https://www.devlingo.com.br/termos/machine-language,1,6,16.67%,3.33
https://www.devlingo.com.br/termos/blazor,1,6,16.67%,8.67
https://www.devlingo.com.br/termos/vibration,1,5,20%,1
https://www.devlingo.com.br/termos/apache-pulsar,1,5,20%,7
https://www.devlingo.com.br/termos/shear-matrix,1,4,25%,3
https://www.devlingo.com.br/termos/vuejs,1,4,25%,8.5
https://www.devlingo.com.br/termos/diff-algorithm,1,4,25%,9.25
https://www.devlingo.com.br/por-que-aprender/uptime,1,3,33.33%,2.33
https://www.devlingo.com.br/termos/recursion,1,3,33.33%,5.33
https://www.devlingo.com.br/termos/cost-control,1,3,33.33%,6.67
https://www.devlingo.com.br/termos/styled-components,1,3,33.33%,17
https://www.devlingo.com.br/termos/custom-tags,1,2,50%,1
https://www.devlingo.com.br/termos/checkpoint-inhibitors,1,2,50%,6
https://www.devlingo.com.br/termos/visual-studio-2008,1,1,100%,19
https://www.devlingo.com.br/termos/txt,0,2405,0%,10.5
https://www.devlingo.com.br/termos/gamepad,0,1704,0%,7.59
https://www.devlingo.com.br/termos/cocoa,0,1528,0%,5.55
https://www.devlingo.com.br/termos/megahertz,0,1153,0%,7.03
https://www.devlingo.com.br/termos/assertion,0,1114,0%,2.55
https://www.devlingo.com.br/termos/onda-transversal,0,906,0%,9.36
https://www.devlingo.com.br/termos/common-language-runtime-clr,0,895,0%,9.02
https://www.devlingo.com.br/termos/frequencia-sonora,0,879,0%,6.84
https://www.devlingo.com.br/termos/void,0,840,0%,8.89
https://www.devlingo.com.br/termos/views,0,722,0%,7.6
https://www.devlingo.com.br/termos/sdds,0,697,0%,4.92
https://www.devlingo.com.br/termos/stiffness,0,559,0%,7.67
https://www.devlingo.com.br/termos/frequência-sonora,0,526,0%,5.27
https://www.devlingo.com.br/termos/avx,0,483,0%,6.13
https://www.devlingo.com.br/termos/database-error,0,473,0%,2.55
https://www.devlingo.com.br/termos/runtime-error,0,471,0%,8.31
https://www.devlingo.com.br/termos/eoq,0,457,0%,5.12
https://www.devlingo.com.br/termos/fan-speed-control,0,425,0%,8.62
https://www.devlingo.com.br/termos/flip-flop,0,382,0%,9.73
https://www.devlingo.com.br/termos/stun,0,376,0%,7.81
https://www.devlingo.com.br/termos/stdio-h,0,369,0%,6.49
https://www.devlingo.com.br/termos/merge,0,338,0%,7.23
https://www.devlingo.com.br/termos/modeling,0,331,0%,8.92
https://www.devlingo.com.br/termos/software-proprietario,0,327,0%,7.79
https://www.devlingo.com.br/termos/hdd,0,288,0%,39.48
https://www.devlingo.com.br/termos/integer,0,286,0%,7.83
https://www.devlingo.com.br/termos/sinal-de-rf,0,280,0%,5.24
https://www.devlingo.com.br/compare/d-pad/vs/joystick,0,277,0%,9.86
https://www.devlingo.com.br/termos/utf-16,0,262,0%,7.25
https://www.devlingo.com.br/termos/coordenadas-geograficas,0,259,0%,11.29
https://www.devlingo.com.br/termos/stack-trace,0,251,0%,8.28
https://www.devlingo.com.br/termos/transaction,0,225,0%,3.35
https://www.devlingo.com.br/termos/quadrature-phase-shift-keying-qpsk,0,217,0%,4.84
https://www.devlingo.com.br/termos/aiff,0,214,0%,5.54
https://www.devlingo.com.br/termos/signal-to-noise-ratio,0,202,0%,12.82
https://www.devlingo.com.br/termos/trezor,0,198,0%,1.15
https://www.devlingo.com.br/termos/gsap,0,198,0%,7.28
https://www.devlingo.com.br/termos/phase-shift-keying-psk,0,196,0%,8.45
https://www.devlingo.com.br/termos/barcode,0,183,0%,8.1
https://www.devlingo.com.br/termos/sum,0,182,0%,8.22
https://www.devlingo.com.br/termos/concat,0,176,0%,9.25
https://www.devlingo.com.br/termos/raw,0,175,0%,4.25
https://www.devlingo.com.br/termos/microsoft-visual-cpp,0,175,0%,9.31
https://www.devlingo.com.br/termos/superinteligencia,0,174,0%,14.09
https://www.devlingo.com.br/termos/semantic-errors,0,171,0%,5.38
https://www.devlingo.com.br/termos/stack-overflow,0,171,0%,8.01
https://www.devlingo.com.br/termos/blink,0,169,0%,6.31
https://www.devlingo.com.br/termos/macos,0,168,0%,9.07
https://www.devlingo.com.br/termos/spi,0,168,0%,10.31
https://www.devlingo.com.br/termos/taxa-de-amostragem,0,166,0%,5.28
https://www.devlingo.com.br/termos/storage-device,0,164,0%,50.52
https://www.devlingo.com.br/termos/proantocianidinas,0,160,0%,3.17
https://www.devlingo.com.br/termos/caixas-de-som,0,157,0%,8.82
https://www.devlingo.com.br/termos/binance,0,156,0%,1.33
https://www.devlingo.com.br/termos/cdi,0,154,0%,4.46
https://www.devlingo.com.br/termos/touchpad,0,154,0%,11.73
https://www.devlingo.com.br/termos/compressao-com-perdas,0,153,0%,5.76
https://www.devlingo.com.br/termos/distorcao-harmonica-total,0,153,0%,10.31
https://www.devlingo.com.br/termos/escopo-de-função,0,152,0%,4.48
https://www.devlingo.com.br/termos/webgl,0,152,0%,10.25
https://www.devlingo.com.br/termos/pastry-chef,0,151,0%,10
https://www.devlingo.com.br/termos/programacao-procedural,0,147,0%,10.35
https://www.devlingo.com.br/termos/w3c-validator,0,144,0%,13.33
https://www.devlingo.com.br/termos/buffer,0,143,0%,5.34
https://www.devlingo.com.br/termos/5-1-surround-sound,0,139,0%,2.71
https://www.devlingo.com.br/termos/dts-hd-master-audio,0,139,0%,6.25
https://www.devlingo.com.br/termos/unreal-engine4,0,137,0%,8.2
https://www.devlingo.com.br/termos/integridade-referencial,0,136,0%,5.43
https://www.devlingo.com.br/termos/stdin-stdout-stderr,0,135,0%,7.87
https://www.devlingo.com.br/termos/partida-direta,0,133,0%,5.67
https://www.devlingo.com.br/termos/client-server-architecture,0,133,0%,12.27
https://www.devlingo.com.br/termos/sinal-analogico,0,131,0%,5.92
https://www.devlingo.com.br/termos/override-metodos-java,0,129,0%,7.94
https://www.devlingo.com.br/termos/jep,0,127,0%,4.38
https://www.devlingo.com.br/termos/geologia-ambiental,0,127,0%,5.77
https://www.devlingo.com.br/termos/escopo-de-variavel,0,123,0%,4.28
https://www.devlingo.com.br/termos/sobrecarga-metodos-java,0,123,0%,8.17
https://www.devlingo.com.br/termos/java-se,0,123,0%,9.25
https://www.devlingo.com.br/termos/vga,0,121,0%,4.64
https://www.devlingo.com.br/termos/trackball,0,120,0%,10.82
https://www.devlingo.com.br/termos/sintese-aditiva,0,119,0%,6.03
https://www.devlingo.com.br/termos/qled-tv,0,119,0%,23.16
https://www.devlingo.com.br/termos/play-protect,0,115,0%,3.4
https://www.devlingo.com.br/termos/part-number,0,115,0%,4.97
https://www.devlingo.com.br/termos/frequency,0,115,0%,21.3
https://www.devlingo.com.br/termos/sensibilidade-do-mouse,0,113,0%,7.08
https://www.devlingo.com.br/termos/srgb,0,113,0%,8.6
https://www.devlingo.com.br/termos/instrumento-musical,0,113,0%,11.19
https://www.devlingo.com.br/termos/value,0,110,0%,8.59
https://www.devlingo.com.br/termos/chuva-de-meteoros,0,109,0%,2.42
https://www.devlingo.com.br/termos/charger,0,108,0%,7.25
https://www.devlingo.com.br/termos/amplifier,0,108,0%,25.39
https://www.devlingo.com.br/termos/input-devices,0,107,0%,11.04
https://www.devlingo.com.br/termos/sistemas-ciber-fisicos,0,106,0%,7.28
https://www.devlingo.com.br/termos/sha-256,0,105,0%,13.47
https://www.devlingo.com.br/termos/contract-management,0,105,0%,65.18
https://www.devlingo.com.br/termos/tomcat,0,104,0%,10.5
https://www.devlingo.com.br/termos/receptor-audio-video,0,104,0%,10.68
https://www.devlingo.com.br/termos/bson,0,101,0%,8.65
https://www.devlingo.com.br/termos/wavelength,0,99,0%,11.53
https://www.devlingo.com.br/termos/astrogeologia,0,98,0%,6.05
https://www.devlingo.com.br/termos/megabyte,0,97,0%,3.98
https://www.devlingo.com.br/termos/trackpad,0,97,0%,16.1
https://www.devlingo.com.br/termos/pseudocodigo,0,96,0%,15.14
https://www.devlingo.com.br/termos/mutex,0,93,0%,5.41
https://www.devlingo.com.br/termos/lattice,0,93,0%,6.27
https://www.devlingo.com.br/termos/transformada-de-fourier,0,93,0%,8.51
https://www.devlingo.com.br/termos/stereo-sound,0,91,0%,11.7
https://www.devlingo.com.br/termos/multiplexador,0,90,0%,5.28
https://www.devlingo.com.br/termos/miracast,0,89,0%,2.72
https://www.devlingo.com.br/termos/dvi,0,89,0%,8.49
https://www.devlingo.com.br/termos/branch,0,88,0%,5.86
https://www.devlingo.com.br/termos/robotica-biomimetica,0,86,0%,2.98
https://www.devlingo.com.br/termos/iteration,0,86,0%,15.24
https://www.devlingo.com.br/termos/wifi-audio,0,85,0%,5.72
https://www.devlingo.com.br/termos/ico-format,0,84,0%,8.55
https://www.devlingo.com.br/termos/concurrency,0,82,0%,13.06
https://www.devlingo.com.br/termos/mustache,0,81,0%,11.64
https://www.devlingo.com.br/termos/assertions,0,79,0%,8.33
https://www.devlingo.com.br/termos/procedures,0,79,0%,9.78
https://www.devlingo.com.br/termos/runtime-exception,0,78,0%,6.44
https://www.devlingo.com.br/termos/jpanel,0,78,0%,6.47
https://www.devlingo.com.br/termos/testng,0,78,0%,8.72
https://www.devlingo.com.br/termos/null,0,77,0%,1.73
https://www.devlingo.com.br/termos/deficit-habitacional,0,77,0%,3.39
https://www.devlingo.com.br/termos/eco,0,76,0%,3.96
https://www.devlingo.com.br/termos/fibre-channel-protocol,0,76,0%,6.28
https://www.devlingo.com.br/termos/qt,0,76,0%,6.78
https://www.devlingo.com.br/termos/firefox-developer-tools,0,76,0%,7.47
https://www.devlingo.com.br/termos/paging,0,76,0%,7.72
https://www.devlingo.com.br/termos/volts,0,76,0%,15.86
https://www.devlingo.com.br/termos/for-each,0,74,0%,5.27
https://www.devlingo.com.br/termos/subversion-svn,0,73,0%,9.21
https://www.devlingo.com.br/termos/analogico-para-digital,0,73,0%,13.27
https://www.devlingo.com.br/termos/executable,0,72,0%,6.88
https://www.devlingo.com.br/termos/high-definition-audio,0,72,0%,7.65
https://www.devlingo.com.br/termos/usb-flash-drive,0,71,0%,5.13
https://www.devlingo.com.br/termos/bluez,0,71,0%,5.77
https://www.devlingo.com.br/termos/placa-de-som,0,71,0%,6.96
https://www.devlingo.com.br/termos/kivy,0,71,0%,10.62
https://www.devlingo.com.br/termos/swagger,0,71,0%,13.94
https://www.devlingo.com.br/termos/bit-shift,0,69,0%,6.28
https://www.devlingo.com.br/termos/trello,0,69,0%,33.32
https://www.devlingo.com.br/termos/impedancia,0,67,0%,4.48
https://www.devlingo.com.br/termos/kaggle,0,67,0%,6.46
https://www.devlingo.com.br/termos/c-shell,0,67,0%,8.55
https://www.devlingo.com.br/termos/.pdf,0,67,0%,22.15
https://www.devlingo.com.br/termos/argument,0,66,0%,2.86
https://www.devlingo.com.br/termos/influxdb,0,66,0%,5.08
https://www.devlingo.com.br/termos/eslint,0,66,0%,5.59
https://www.devlingo.com.br/termos/pc-case-fans,0,66,0%,12.08
https://www.devlingo.com.br/termos/bridge,0,65,0%,7.48
https://www.devlingo.com.br/termos/integrated-drive-electronics,0,65,0%,8.23
https://www.devlingo.com.br/termos/thymeleaf,0,64,0%,13.56
https://www.devlingo.com.br/termos/jpa,0,63,0%,9.44
https://www.devlingo.com.br/termos/inventor-autodesk,0,63,0%,12.6
https://www.devlingo.com.br/termos/routing-tables,0,63,0%,37.21
https://www.devlingo.com.br/termos/sms-authentication,0,61,0%,2.11
https://www.devlingo.com.br/termos/paper-js,0,61,0%,4.54
https://www.devlingo.com.br/termos/sha,0,61,0%,9.2
https://www.devlingo.com.br/termos/efficiency,0,61,0%,14.2
https://www.devlingo.com.br/termos/finally,0,60,0%,4.97
https://www.devlingo.com.br/termos/5-1-audio,0,60,0%,5.3
https://www.devlingo.com.br/termos/ciencias-planetarias,0,60,0%,7.17
https://www.devlingo.com.br/termos/mercurial,0,60,0%,9.6
https://www.devlingo.com.br/termos/huffman-coding,0,60,0%,10.08
https://www.devlingo.com.br/termos/ruído-vermelho,0,60,0%,10.3
https://www.devlingo.com.br/termos/jq,0,59,0%,4.12
https://www.devlingo.com.br/termos/minimum-spanning-tree,0,59,0%,11.42
https://www.devlingo.com.br/termos/security-logging,0,58,0%,2.91
https://www.devlingo.com.br/termos/cobertura-de-sinal,0,58,0%,4.09
https://www.devlingo.com.br/termos/equalizador-grafico,0,58,0%,5.09
https://www.devlingo.com.br/termos/process-scheduling,0,58,0%,6.1
https://www.devlingo.com.br/termos/context-managers-python,0,58,0%,6.64
https://www.devlingo.com.br/termos/liabilities,0,58,0%,7.22
https://www.devlingo.com.br/termos/barreira-acustica,0,58,0%,19.26
https://www.devlingo.com.br/termos/uranio-chumbo,0,57,0%,4.88
https://www.devlingo.com.br/termos/gaussian-minimum-shift-keying-gmsk,0,57,0%,8.26
https://www.devlingo.com.br/termos/rede-mesh,0,57,0%,28.26
https://www.devlingo.com.br/termos/eco-tecnologia,0,56,0%,5.61
https://www.devlingo.com.br/termos/igrp-protocol,0,56,0%,7.32
https://www.devlingo.com.br/termos/thread-safety-in-java,0,56,0%,10.18
https://www.devlingo.com.br/termos/none,0,55,0%,3.33
https://www.devlingo.com.br/termos/modulacao-am,0,55,0%,4.09
https://www.devlingo.com.br/termos/northern-blot,0,55,0%,6.2
https://www.devlingo.com.br/termos/celulas-de-defesa,0,54,0%,3.83
https://www.devlingo.com.br/termos/date,0,54,0%,4.07
https://www.devlingo.com.br/termos/memoria-imunologica,0,54,0%,6.26
https://www.devlingo.com.br/termos/ktor,0,54,0%,8.56
https://www.devlingo.com.br/termos/java-method,0,54,0%,13.2
https://www.devlingo.com.br/termos/httpclient,0,54,0%,17.61
https://www.devlingo.com.br/termos/tech-stack,0,54,0%,21.61
https://www.devlingo.com.br/termos/ppc,0,54,0%,53.37
https://www.devlingo.com.br/termos/ventoinha,0,53,0%,4.81
https://www.devlingo.com.br/termos/collections,0,53,0%,5.26
https://www.devlingo.com.br/termos/joptionpane,0,53,0%,6.23
https://www.devlingo.com.br/termos/data-types,0,53,0%,6.6
https://www.devlingo.com.br/termos/atributos-de-classe-vs-atributos-de-instancia,0,53,0%,7.98
https://www.devlingo.com.br/termos/http,0,53,0%,10.17
https://www.devlingo.com.br/termos/transistores,0,53,0%,29.02
https://www.devlingo.com.br/termos/ohm,0,52,0%,4.62
https://www.devlingo.com.br/termos/economia-de-escopo,0,52,0%,5.13
https://www.devlingo.com.br/termos/priority-queue,0,52,0%,10.63
https://www.devlingo.com.br/termos/stock,0,51,0%,4.88
https://www.devlingo.com.br/termos/modelo-espiral,0,51,0%,5.75
https://www.devlingo.com.br/termos/kill,0,51,0%,6.14
https://www.devlingo.com.br/termos/filtros-de-audio,0,50,0%,3.96
https://www.devlingo.com.br/termos/lente-interchangeavel,0,50,0%,4.1
https://www.devlingo.com.br/termos/p5-js,0,50,0%,4.32
https://www.devlingo.com.br/termos/dc-power,0,50,0%,5.94
https://www.devlingo.com.br/termos/gigahertz,0,50,0%,5.98
https://www.devlingo.com.br/termos/peripheral-component-interconnect-express,0,50,0%,27.48
https://www.devlingo.com.br/termos/patogenos,0,49,0%,2.69
https://www.devlingo.com.br/termos/variaveis-escalares,0,49,0%,4
https://www.devlingo.com.br/termos/variaveis-locais,0,49,0%,4.84
https://www.devlingo.com.br/termos/microfone-omnidirecional,0,49,0%,5.22
https://www.devlingo.com.br/termos/digest-authentication,0,49,0%,6.22
https://www.devlingo.com.br/termos/job-scheduling,0,49,0%,6.59
https://www.devlingo.com.br/termos/resonance,0,49,0%,8.61
https://www.devlingo.com.br/termos/llvm,0,49,0%,8.65
https://www.devlingo.com.br/termos/microfone-direcional,0,48,0%,3.77
https://www.devlingo.com.br/termos/syntax-error,0,48,0%,4.98
https://www.devlingo.com.br/termos/blob,0,48,0%,7.17
https://www.devlingo.com.br/termos/feature-phone,0,48,0%,8.79
https://www.devlingo.com.br/termos/java-io-apis,0,48,0%,9.6
https://www.devlingo.com.br/termos/graphics-card,0,48,0%,15.35
https://www.devlingo.com.br/termos/user-input,0,47,0%,1.98
https://www.devlingo.com.br/termos/efeitos-de-audio,0,47,0%,2.87
https://www.devlingo.com.br/termos/prototipo-digital,0,47,0%,6.04
https://www.devlingo.com.br/termos/jax-ws,0,47,0%,9.26
https://www.devlingo.com.br/termos/python-requests,0,47,0%,14.6
https://www.devlingo.com.br/termos/amortecimento,0,46,0%,2.8
https://www.devlingo.com.br/termos/lente-fotografica,0,46,0%,4.61
https://www.devlingo.com.br/termos/commit,0,46,0%,5.2
https://www.devlingo.com.br/termos/request,0,46,0%,5.78
https://www.devlingo.com.br/termos/amd-radeon,0,46,0%,7.07
https://www.devlingo.com.br/termos/correcao-de-cor,0,45,0%,3.29
https://www.devlingo.com.br/termos/triangulo-retangulo,0,45,0%,6.84
https://www.devlingo.com.br/termos/sistema-de-refrigeracao,0,45,0%,53.13
https://www.devlingo.com.br/termos/amd-athlon,0,44,0%,2.52
https://www.devlingo.com.br/termos/superposicao,0,44,0%,4.23
https://www.devlingo.com.br/termos/motion-detector,0,44,0%,8.82
https://www.devlingo.com.br/termos/floyd-warshall-algorithm,0,43,0%,3.28
https://www.devlingo.com.br/termos/agencia-de-credito,0,43,0%,4.09
https://www.devlingo.com.br/termos/bass-traps,0,43,0%,7.93
https://www.devlingo.com.br/termos/java.util.scanner,0,43,0%,12.16
https://www.devlingo.com.br/termos/bookmarks,0,42,0%,3.26
https://www.devlingo.com.br/termos/navbar,0,42,0%,3.43
https://www.devlingo.com.br/termos/two-dimensional-array,0,42,0%,4.57
https://www.devlingo.com.br/termos/uri,0,42,0%,4.81
https://www.devlingo.com.br/termos/pointing-stick,0,42,0%,5.14
https://www.devlingo.com.br/termos/ghost,0,42,0%,5.33
https://www.devlingo.com.br/termos/deformacao,0,42,0%,5.62
https://www.devlingo.com.br/termos/throw,0,42,0%,7.76
https://www.devlingo.com.br/termos/testflight,0,42,0%,8.48
https://www.devlingo.com.br/termos/multiplataforma,0,42,0%,10.05
https://www.devlingo.com.br/termos/bioquimica-clinica,0,42,0%,16.36
https://www.devlingo.com.br/termos/persistent-storage,0,42,0%,20.69
https://www.devlingo.com.br/termos/flux,0,41,0%,2.1
https://www.devlingo.com.br/termos/ogg-vorbis,0,41,0%,3.63
https://www.devlingo.com.br/termos/bitrate,0,41,0%,3.83
https://www.devlingo.com.br/termos/firewire,0,41,0%,4.9
https://www.devlingo.com.br/termos/stm32,0,41,0%,5.98
https://www.devlingo.com.br/termos/dram,0,41,0%,6.12
https://www.devlingo.com.br/termos/handle-system,0,41,0%,6.68
https://www.devlingo.com.br/termos/coding-challenge,0,41,0%,7.05
https://www.devlingo.com.br/termos/json-formatter,0,41,0%,7.24
https://www.devlingo.com.br/termos/analise-espectral,0,40,0%,3.1
https://www.devlingo.com.br/termos/nit,0,40,0%,3.7
https://www.devlingo.com.br/termos/analise-de-malhas,0,40,0%,4.92
https://www.devlingo.com.br/termos/bwt-algorithm,0,40,0%,5.2
https://www.devlingo.com.br/termos/pip,0,40,0%,7.2
https://www.devlingo.com.br/termos/damping,0,40,0%,7.42
https://www.devlingo.com.br/termos/mstest,0,40,0%,7.58
https://www.devlingo.com.br/termos/amd-ryzen,0,40,0%,10.93
https://www.devlingo.com.br/termos/external-hard-drive,0,40,0%,15.88
https://www.devlingo.com.br/termos/java-standard-edition,0,39,0%,3.9
https://www.devlingo.com.br/termos/fxml,0,39,0%,4.03
https://www.devlingo.com.br/termos/processador-de-som,0,39,0%,4.18
https://www.devlingo.com.br/termos/resolucao-de-audio,0,39,0%,4.38
https://www.devlingo.com.br/termos/queue,0,39,0%,6.67
https://www.devlingo.com.br/termos/express,0,39,0%,10.69
https://www.devlingo.com.br/termos/drivers-de-alto-falante,0,38,0%,3.61
https://www.devlingo.com.br/termos/peripheral-component-interconnect,0,38,0%,3.89
https://www.devlingo.com.br/termos/sobrecarga-de-operadores-python,0,38,0%,4.89
https://www.devlingo.com.br/termos/joystick,0,38,0%,4.92
https://www.devlingo.com.br/termos/audio-digital,0,38,0%,5.5
https://www.devlingo.com.br/termos/cordova,0,37,0%,3.89
https://www.devlingo.com.br/termos/equalizador-shelving,0,37,0%,4
https://www.devlingo.com.br/termos/sli-crossfire,0,37,0%,4.92
https://www.devlingo.com.br/termos/smart-home-technology,0,37,0%,5.38
https://www.devlingo.com.br/termos/wamp,0,37,0%,6.3
https://www.devlingo.com.br/termos/reason,0,37,0%,6.78
https://www.devlingo.com.br/termos/noise-cancellation,0,37,0%,7.35
https://www.devlingo.com.br/termos/prototipo,0,37,0%,59.92
https://www.devlingo.com.br/termos/green-innovation,0,36,0%,3.97
https://www.devlingo.com.br/termos/estruturas-de-controle,0,36,0%,5.58
https://www.devlingo.com.br/termos/a-star-search-algorithm,0,36,0%,6.19
https://www.devlingo.com.br/termos/espectroscopia,0,36,0%,12.61
https://www.devlingo.com.br/termos/key,0,35,0%,2.4
https://www.devlingo.com.br/termos/analise-de-sinais,0,35,0%,3.2
https://www.devlingo.com.br/termos/bsd,0,35,0%,3.94
https://www.devlingo.com.br/termos/trace,0,35,0%,4.63
https://www.devlingo.com.br/termos/amostragem-de-audio,0,35,0%,4.94
https://www.devlingo.com.br/termos/calotas-polares,0,35,0%,6.2
https://www.devlingo.com.br/termos/executor-service-java,0,35,0%,8.6
https://www.devlingo.com.br/termos/tenacidade,0,35,0%,8.86
https://www.devlingo.com.br/termos/home-theater-system,0,35,0%,29.8
https://www.devlingo.com.br/termos/hexagonal-architecture,0,35,0%,31.31
https://www.devlingo.com.br/termos/som-surround,0,34,0%,3.88
https://www.devlingo.com.br/termos/rsa,0,34,0%,4.68
https://www.devlingo.com.br/termos/safari,0,34,0%,4.68
https://www.devlingo.com.br/termos/classpath,0,34,0%,4.97
https://www.devlingo.com.br/termos/gabinete-para-pc,0,34,0%,7.97
https://www.devlingo.com.br/termos/avl-trees,0,34,0%,9.91
https://www.devlingo.com.br/termos/graphics-cards,0,34,0%,13.74
https://www.devlingo.com.br/termos/digital-logic,0,33,0%,3.97
https://www.devlingo.com.br/termos/mis,0,33,0%,4.7
https://www.devlingo.com.br/termos/epidemiologia-analitica,0,33,0%,5.09
https://www.devlingo.com.br/termos/limite-de-elasticidade,0,33,0%,5.52
https://www.devlingo.com.br/termos/sound-system,0,33,0%,6.67
https://www.devlingo.com.br/termos/linear-layout,0,33,0%,7.12
https://www.devlingo.com.br/termos/hls,0,33,0%,7.42
https://www.devlingo.com.br/termos/memoria-ddr2,0,33,0%,7.48
https://www.devlingo.com.br/termos/graphs,0,33,0%,8.27
https://www.devlingo.com.br/termos/stash,0,33,0%,9.33
https://www.devlingo.com.br/termos/keystore,0,32,0%,3.91
https://www.devlingo.com.br/termos/actionlistener,0,32,0%,4.78
https://www.devlingo.com.br/termos/triggers,0,32,0%,5.16
https://www.devlingo.com.br/termos/analise-de-sistemas,0,32,0%,5.47
https://www.devlingo.com.br/termos/java-runtime-exceptions,0,32,0%,5.88
https://www.devlingo.com.br/termos/ciclo-da-bateria,0,32,0%,6
https://www.devlingo.com.br/termos/teoremas-de-circuitos,0,32,0%,7
https://www.devlingo.com.br/termos/mysql-error-1064,0,32,0%,7.19
https://www.devlingo.com.br/termos/java-try,0,32,0%,7.44
https://www.devlingo.com.br/termos/checked-vs-unchecked-exceptions,0,32,0%,7.75
https://www.devlingo.com.br/termos/microfones-omnidirecionais,0,32,0%,8.5
https://www.devlingo.com.br/termos/flow-control,0,31,0%,4.03
https://www.devlingo.com.br/termos/microfone-shotgun,0,31,0%,5.58
https://www.devlingo.com.br/termos/managed-bean,0,31,0%,6.68
https://www.devlingo.com.br/termos/pwm,0,30,0%,2.43
https://www.devlingo.com.br/termos/escaping-characters,0,30,0%,4.27
https://www.devlingo.com.br/termos/hyper-v,0,30,0%,4.67
https://www.devlingo.com.br/termos/healthcare-it,0,30,0%,4.97
https://www.devlingo.com.br/termos/earbuds,0,30,0%,5.03
https://www.devlingo.com.br/termos/plsql,0,30,0%,5.33
https://www.devlingo.com.br/termos/event-listeners,0,30,0%,5.73
https://www.devlingo.com.br/termos/smooth-streaming,0,30,0%,6.13
https://www.devlingo.com.br/termos/struct,0,30,0%,6.3
https://www.devlingo.com.br/termos/pyqt,0,30,0%,7.7
https://www.devlingo.com.br/termos/ant-design,0,30,0%,7.97
https://www.devlingo.com.br/termos/tries,0,29,0%,4.28
https://www.devlingo.com.br/termos/colisao-hash,0,29,0%,4.83
https://www.devlingo.com.br/termos/onda-sonora,0,29,0%,4.93
https://www.devlingo.com.br/termos/jogl,0,29,0%,5.21
https://www.devlingo.com.br/termos/fgets,0,29,0%,6.52
https://www.devlingo.com.br/termos/cometa,0,29,0%,6.69
https://www.devlingo.com.br/termos/microsoft-graph-api,0,29,0%,7.52
https://www.devlingo.com.br/termos/snapshot,0,29,0%,8.55
https://www.devlingo.com.br/termos/jpql,0,29,0%,9.62
https://www.devlingo.com.br/termos/fileinputstream-java,0,29,0%,28.66
https://www.devlingo.com.br/termos/ar-condicionado-central,0,28,0%,3.21
https://www.devlingo.com.br/termos/keyerror,0,28,0%,5.75
https://www.devlingo.com.br/termos/micro-usb,0,28,0%,5.86
https://www.devlingo.com.br/termos/iteraveis-python,0,28,0%,9.04
https://www.devlingo.com.br/termos/rede-de-telecomunicacoes,0,28,0%,10.11
https://www.devlingo.com.br/termos/subscriptions,0,28,0%,12.43
https://www.devlingo.com.br/termos/svg,0,28,0%,13.11
https://www.devlingo.com.br/termos/character,0,27,0%,2.3
https://www.devlingo.com.br/por-que-aprender/eclipse,0,27,0%,3.19
https://www.devlingo.com.br/termos/grid-computing,0,27,0%,4.19
https://www.devlingo.com.br/termos/pixlr,0,27,0%,6.41
https://www.devlingo.com.br/termos/mediawiki,0,27,0%,9.3
https://www.devlingo.com.br/termos/splunk,0,27,0%,19.63
https://www.devlingo.com.br/termos/sata,0,26,0%,3.69
https://www.devlingo.com.br/termos/imutabilidade-em-programacao,0,26,0%,4
https://www.devlingo.com.br/termos/jackson-databind,0,26,0%,4.5
https://www.devlingo.com.br/termos/blu-ray,0,26,0%,5.46
https://www.devlingo.com.br/termos/ant,0,26,0%,6.23
https://www.devlingo.com.br/termos/java-8,0,26,0%,6.23
https://www.devlingo.com.br/termos/dolby-digital,0,26,0%,6.54
https://www.devlingo.com.br/termos/troubleshooting,0,26,0%,7.15
https://www.devlingo.com.br/termos/software-optimization,0,26,0%,9.73
https://www.devlingo.com.br/termos/scripts,0,26,0%,13.54
https://www.devlingo.com.br/termos/heart-rate-monitors,0,26,0%,18.73
https://www.devlingo.com.br/termos/java-util-treemap,0,26,0%,19
https://www.devlingo.com.br/termos/sharpe-ratio,0,26,0%,21.85
https://www.devlingo.com.br/termos/semelhanca-de-figuras,0,25,0%,2.44
https://www.devlingo.com.br/termos/nullpointerexception,0,25,0%,2.96
https://www.devlingo.com.br/termos/fisica-aplicada,0,25,0%,4
https://www.devlingo.com.br/termos/modelagem-espacial,0,25,0%,4.2
https://www.devlingo.com.br/termos/batch-file,0,25,0%,5.04
https://www.devlingo.com.br/termos/transdutor,0,25,0%,5.12
https://www.devlingo.com.br/termos/android-listview,0,25,0%,7
https://www.devlingo.com.br/termos/yield-strength,0,25,0%,13.72
https://www.devlingo.com.br/termos/water-supply,0,25,0%,17.56
https://www.devlingo.com.br/termos/raid,0,25,0%,34.56
https://www.devlingo.com.br/termos/cad,0,24,0%,1.12
https://www.devlingo.com.br/termos/sensibilidade-auditiva,0,24,0%,3.62
https://www.devlingo.com.br/termos/streaming-audio,0,24,0%,3.71
https://www.devlingo.com.br/termos/add-ons,0,24,0%,4.71
https://www.devlingo.com.br/termos/profundidade-de-cor,0,24,0%,4.88
https://www.devlingo.com.br/termos/frequencia-de-rede,0,24,0%,5.04
https://www.devlingo.com.br/termos/triangulos-congruentes,0,24,0%,5.17
https://www.devlingo.com.br/termos/swagger-ui,0,24,0%,5.29
https://www.devlingo.com.br/termos/pcm,0,24,0%,5.54
https://www.devlingo.com.br/termos/c,0,24,0%,6.21
https://www.devlingo.com.br/termos/mapas-interativos,0,24,0%,6.67
https://www.devlingo.com.br/termos/doxygen,0,24,0%,7.17
https://www.devlingo.com.br/termos/vibracoes-mecanicas,0,24,0%,7.5
https://www.devlingo.com.br/termos/memoria-ddr3,0,24,0%,9.25
https://www.devlingo.com.br/termos/analise-discriminante,0,24,0%,13.38
https://www.devlingo.com.br/termos/media-stream,0,24,0%,15.12
https://www.devlingo.com.br/termos/iterative-algorithm,0,24,0%,20.71
https://www.devlingo.com.br/termos/sistemas-embarcados,0,24,0%,23.38
https://www.devlingo.com.br/termos/hidrologia,0,23,0%,4
https://www.devlingo.com.br/termos/standard-template-library-stl,0,23,0%,5
https://www.devlingo.com.br/termos/uv-index,0,23,0%,5
https://www.devlingo.com.br/termos/algoritmos-polinomiais,0,23,0%,5.48
https://www.devlingo.com.br/termos/edicao-de-video,0,23,0%,6.22
https://www.devlingo.com.br/termos/java-interface,0,23,0%,7.35
https://www.devlingo.com.br/termos/valueerror,0,23,0%,7.83
https://www.devlingo.com.br/termos/polarizacao,0,23,0%,8
https://www.devlingo.com.br/termos/nuget-package,0,23,0%,8.09
https://www.devlingo.com.br/por-que-aprender/d-pad,0,23,0%,8.96
https://www.devlingo.com.br/termos/sistemas-nao-lineares,0,22,0%,2.18
https://www.devlingo.com.br/termos/faixa-de-frequencia,0,22,0%,3.82
https://www.devlingo.com.br/termos/escoamento-superficial,0,22,0%,4.23
https://www.devlingo.com.br/termos/captacao-audio,0,22,0%,4.82
https://www.devlingo.com.br/termos/fitness-trackers,0,22,0%,4.91
https://www.devlingo.com.br/termos/modulo-de-elasticidade,0,22,0%,5.09
https://www.devlingo.com.br/termos/sinais-e-sistemas,0,22,0%,5.45
https://www.devlingo.com.br/termos/build-system,0,22,0%,6.27
https://www.devlingo.com.br/termos/code-profiling,0,22,0%,6.32
https://www.devlingo.com.br/termos/frequencia-de-clock,0,22,0%,7.23
https://www.devlingo.com.br/termos/printf-java,0,22,0%,7.45
https://www.devlingo.com.br/termos/adobe-photoshop,0,22,0%,8.55
https://www.devlingo.com.br/termos/postcss,0,22,0%,9.23
https://www.devlingo.com.br/termos/aplicativos-de-fitness,0,22,0%,9.36
https://www.devlingo.com.br/termos/fwrite,0,22,0%,10.23
https://www.devlingo.com.br/termos/atomic-in-java,0,22,0%,10.73
https://www.devlingo.com.br/termos/redundancy,0,22,0%,12.05
https://www.devlingo.com.br/termos/java-primitive-data-types,0,22,0%,28.27
https://www.devlingo.com.br/termos/automata-theory,0,21,0%,2.86
https://www.devlingo.com.br/termos/av-receiver,0,21,0%,3.14
https://www.devlingo.com.br/termos/geologia-planetaria,0,21,0%,3.62
https://www.devlingo.com.br/termos/absorciometria-dual-energy-x-ray,0,21,0%,3.67
https://www.devlingo.com.br/termos/ienumerable,0,21,0%,3.76
https://www.devlingo.com.br/termos/compatibilidade-de-arquivos,0,21,0%,3.95
https://www.devlingo.com.br/termos/teorema-de-nyquist,0,21,0%,4.43
https://www.devlingo.com.br/termos/high-resolution-audio,0,21,0%,4.48
https://www.devlingo.com.br/termos/windows-api,0,21,0%,5.33
https://www.devlingo.com.br/termos/adapter,0,21,0%,5.52
https://www.devlingo.com.br/termos/lean-development,0,21,0%,5.67
https://www.devlingo.com.br/termos/stream,0,21,0%,7
https://www.devlingo.com.br/termos/iso-iec-38500,0,21,0%,7.76
https://www.devlingo.com.br/termos/java-profiling-tools,0,21,0%,7.76
https://www.devlingo.com.br/termos/eval,0,21,0%,8.1
https://www.devlingo.com.br/termos/ios-simulator,0,21,0%,8.43
https://www.devlingo.com.br/termos/imovie,0,21,0%,8.67
https://www.devlingo.com.br/termos/overriding-java,0,21,0%,9.86
https://www.devlingo.com.br/termos/react-state-and-props,0,21,0%,15.24
https://www.devlingo.com.br/termos/gesso-liso,0,20,0%,2
https://www.devlingo.com.br/termos/sigs,0,20,0%,3.65
https://www.devlingo.com.br/termos/mount,0,20,0%,3.9
https://www.devlingo.com.br/termos/sensor-optico,0,20,0%,3.9
https://www.devlingo.com.br/por-que-aprender/meteoritica,0,20,0%,4.3
https://www.devlingo.com.br/termos/kernel-api,0,20,0%,4.5
https://www.devlingo.com.br/termos/equalizador-parametrico,0,20,0%,4.9
https://www.devlingo.com.br/termos/file-transfer,0,20,0%,5
https://www.devlingo.com.br/termos/eficiencia-hidrica,0,20,0%,6.15
https://www.devlingo.com.br/termos/algoritmo-quantico,0,20,0%,6.65
https://www.devlingo.com.br/termos/eventos-dom,0,20,0%,7.35
https://www.devlingo.com.br/termos/use-case,0,20,0%,7.4
https://www.devlingo.com.br/termos/io-exception-java,0,20,0%,12.15
https://www.devlingo.com.br/termos/dom,0,20,0%,15.7
https://www.devlingo.com.br/termos/dinamica-estrutural,0,19,0%,2.47
https://www.devlingo.com.br/termos/historico-financeiro,0,19,0%,2.89
https://www.devlingo.com.br/termos/multiplayer,0,19,0%,4.63
https://www.devlingo.com.br/termos/compiladores-c,0,19,0%,4.89
https://www.devlingo.com.br/termos/krita,0,19,0%,4.95
https://www.devlingo.com.br/termos/deadlock,0,19,0%,5.21
https://www.devlingo.com.br/termos/octave,0,19,0%,5.21
https://www.devlingo.com.br/termos/funcao-sigmoide,0,19,0%,5.26
https://www.devlingo.com.br/termos/reduce-function-python,0,19,0%,5.37
https://www.devlingo.com.br/termos/stylus,0,19,0%,5.47
https://www.devlingo.com.br/termos/campanhas-de-saude-publica,0,19,0%,5.58
https://www.devlingo.com.br/termos/aac,0,19,0%,5.74
https://www.devlingo.com.br/termos/radio-digital,0,19,0%,5.95
https://www.devlingo.com.br/termos/polling-rate,0,19,0%,6.26
https://www.devlingo.com.br/termos/jcombobox,0,19,0%,6.42
https://www.devlingo.com.br/termos/micro-framework,0,19,0%,7.16
https://www.devlingo.com.br/termos/mouse-button,0,19,0%,7.47
https://www.devlingo.com.br/termos/dac,0,19,0%,7.53
https://www.devlingo.com.br/termos/microscopio-eletronico,0,19,0%,10.05
https://www.devlingo.com.br/termos/jsx,0,19,0%,10.79
https://www.devlingo.com.br/termos/video-effects,0,18,0%,3.39
https://www.devlingo.com.br/termos/cinemas-imax,0,18,0%,3.78
https://www.devlingo.com.br/termos/febre-glandular,0,18,0%,4.28
https://www.devlingo.com.br/termos/procreate,0,18,0%,4.44
https://www.devlingo.com.br/termos/silicon-valley,0,18,0%,4.5
https://www.devlingo.com.br/termos/initialization,0,18,0%,4.56
https://www.devlingo.com.br/termos/phonegap,0,18,0%,5.17
https://www.devlingo.com.br/termos/apple-pay,0,18,0%,5.39
https://www.devlingo.com.br/termos/jvm-languages,0,18,0%,5.56
https://www.devlingo.com.br/termos/condicional,0,18,0%,5.83
https://www.devlingo.com.br/termos/codificacao-de-video,0,18,0%,6.61
https://www.devlingo.com.br/termos/logstash,0,18,0%,6.94
https://www.devlingo.com.br/termos/pthreads,0,18,0%,7.06
https://www.devlingo.com.br/termos/commit-and-rollback,0,18,0%,7.11
https://www.devlingo.com.br/termos/propriedades-mecanicas,0,18,0%,9
https://www.devlingo.com.br/termos/jpa-2.0,0,18,0%,9.94
https://www.devlingo.com.br/termos/slack,0,18,0%,11.61
https://www.devlingo.com.br/termos/input-management,0,18,0%,13.94
https://www.devlingo.com.br/termos/glycemic-index,0,18,0%,14.28
https://www.devlingo.com.br/termos/classnotfoundexception,0,17,0%,2.94
https://www.devlingo.com.br/termos/calibracao-de-monitor,0,17,0%,3.35
https://www.devlingo.com.br/termos/data-retrieval,0,17,0%,3.76
https://www.devlingo.com.br/termos/mini-smartphone,0,17,0%,4
https://www.devlingo.com.br/termos/default-parameters,0,17,0%,4.06
https://www.devlingo.com.br/termos/readfile,0,17,0%,4.35
https://www.devlingo.com.br/termos/stereo,0,17,0%,4.59
https://www.devlingo.com.br/termos/high-end-audio,0,17,0%,5.35
https://www.devlingo.com.br/termos/two-way-data-binding,0,17,0%,5.35
https://www.devlingo.com.br/termos/google-maps,0,17,0%,6.59
https://www.devlingo.com.br/termos/electron-builder,0,17,0%,7.06
https://www.devlingo.com.br/termos/array-push,0,17,0%,7.18
https://www.devlingo.com.br/termos/data-binding,0,17,0%,7.18
https://www.devlingo.com.br/termos/css-transition,0,17,0%,7.47
https://www.devlingo.com.br/termos/jython,0,17,0%,7.59
https://www.devlingo.com.br/termos/upload-speed,0,17,0%,20.12
https://www.devlingo.com.br/termos/hpcc-ecl,0,16,0%,2.69
https://www.devlingo.com.br/termos/java-micro-edition,0,16,0%,3.56
https://www.devlingo.com.br/termos/underclocking,0,16,0%,3.62
https://www.devlingo.com.br/termos/bug,0,16,0%,3.75
https://www.devlingo.com.br/termos/iris-scanner,0,16,0%,3.75
https://www.devlingo.com.br/termos/nvidia-geforce,0,16,0%,3.88
https://www.devlingo.com.br/termos/code-reusability,0,16,0%,4.06
https://www.devlingo.com.br/termos/analise-de-circuitos,0,16,0%,4.69
https://www.devlingo.com.br/termos/system-dynamics,0,16,0%,4.69
https://www.devlingo.com.br/termos/knitr,0,16,0%,5
https://www.devlingo.com.br/termos/socorro-mecanico,0,16,0%,5.06
https://www.devlingo.com.br/termos/todoist,0,16,0%,5.88
https://www.devlingo.com.br/termos/volatile-in-java,0,16,0%,5.94
https://www.devlingo.com.br/termos/bioengenharia,0,16,0%,6.06
https://www.devlingo.com.br/termos/engajamento-de-audiencia,0,16,0%,6.56
https://www.devlingo.com.br/termos/qualidade-ambiental,0,16,0%,7.12
https://www.devlingo.com.br/termos/nucleo-de-processador,0,16,0%,7.19
https://www.devlingo.com.br/termos/rtd,0,16,0%,7.38
https://www.devlingo.com.br/termos/pcb-assembly,0,16,0%,7.62
https://www.devlingo.com.br/termos/database-performance-tuning,0,16,0%,8.75
https://www.devlingo.com.br/termos/technology-innovation,0,16,0%,13.44
https://www.devlingo.com.br/termos/keyevent,0,16,0%,20.19
https://www.devlingo.com.br/termos/gps-agricola,0,16,0%,27.25
https://www.devlingo.com.br/termos/kvm,0,16,0%,33.62
https://www.devlingo.com.br/termos/7-1-audio,0,15,0%,2.53
https://www.devlingo.com.br/termos/sintetizadores,0,15,0%,2.93
https://www.devlingo.com.br/por-que-aprender/accordion,0,15,0%,3.4
https://www.devlingo.com.br/termos/microfone-profissional,0,15,0%,3.67
https://www.devlingo.com.br/termos/numberformatexception-examples,0,15,0%,4.07
https://www.devlingo.com.br/termos/parede-de-alvenaria,0,15,0%,4.73
https://www.devlingo.com.br/termos/video-memory,0,15,0%,4.93
https://www.devlingo.com.br/termos/sobrecarga-de-metodos,0,15,0%,5.47
https://www.devlingo.com.br/termos/sound-card,0,15,0%,5.6
https://www.devlingo.com.br/termos/travis-ci,0,15,0%,5.67
https://www.devlingo.com.br/termos/backtracking,0,15,0%,5.8
https://www.devlingo.com.br/termos/objectoutputstream-java,0,15,0%,5.87
https://www.devlingo.com.br/termos/scope,0,15,0%,6.2
https://www.devlingo.com.br/termos/gross-profit,0,15,0%,6.4
https://www.devlingo.com.br/termos/davinci-resolve,0,15,0%,6.73
https://www.devlingo.com.br/termos/alto-falantes,0,15,0%,7
https://www.devlingo.com.br/termos/vod,0,15,0%,7.93
https://www.devlingo.com.br/termos/type-hints,0,15,0%,8.27
https://www.devlingo.com.br/termos/sql-tuning,0,15,0%,8.33
https://www.devlingo.com.br/termos/scanner-java,0,15,0%,9.53
https://www.devlingo.com.br/termos/tech-trends,0,15,0%,14.73
https://www.devlingo.com.br/termos/engenharia-civil,0,15,0%,33.4
https://www.devlingo.com.br/termos/codigo-fonte,0,15,0%,42
https://www.devlingo.com.br/termos/z-shell,0,14,0%,1
https://www.devlingo.com.br/termos/algorithmic-bias,0,14,0%,2.71
https://www.devlingo.com.br/por-que-aprender/javascript,0,14,0%,2.93
https://www.devlingo.com.br/termos/programacao-declarativa,0,14,0%,3.07
https://www.devlingo.com.br/termos/vite,0,14,0%,3.86
https://www.devlingo.com.br/termos/treemap,0,14,0%,4.64
https://www.devlingo.com.br/termos/transdutor-audio,0,14,0%,4.71
https://www.devlingo.com.br/termos/leitor-de-tela,0,14,0%,4.79
https://www.devlingo.com.br/termos/dsp-processamento-digital-de-sinais,0,14,0%,4.93
https://www.devlingo.com.br/termos/simplex-communication,0,14,0%,5
https://www.devlingo.com.br/termos/exception,0,14,0%,5.07
https://www.devlingo.com.br/termos/color-grading,0,14,0%,5.5
https://www.devlingo.com.br/termos/lzw-compression,0,14,0%,5.64
https://www.devlingo.com.br/termos/java-arrayindexoutofboundsexception,0,14,0%,5.79
https://www.devlingo.com.br/termos/csh,0,14,0%,5.93
https://www.devlingo.com.br/termos/error-handling,0,14,0%,6.29
https://www.devlingo.com.br/termos/inversao-de-dependencia,0,14,0%,7
https://www.devlingo.com.br/termos/break-continue-javascript,0,14,0%,7.71
https://www.devlingo.com.br/termos/breakpoints,0,14,0%,7.71
https://www.devlingo.com.br/termos/keytool,0,14,0%,8.21
https://www.devlingo.com.br/termos/fprintf,0,14,0%,8.71
https://www.devlingo.com.br/termos/audio-production,0,14,0%,9.43
https://www.devlingo.com.br/termos/python-frameworks,0,14,0%,15.21
https://www.devlingo.com.br/termos/websockets,0,14,0%,24.86
https://www.devlingo.com.br/termos/development-tools,0,13,0%,1.69
https://www.devlingo.com.br/termos/lambda,0,13,0%,2.62
https://www.devlingo.com.br/termos/energia-quantica,0,13,0%,3
https://www.devlingo.com.br/termos/advanced-technology-attachment,0,13,0%,3.31
https://www.devlingo.com.br/termos/neutralization-reactions,0,13,0%,3.31
https://www.devlingo.com.br/termos/dolby-digital-plus,0,13,0%,4
https://www.devlingo.com.br/termos/profundidade-de-bits,0,13,0%,4
https://www.devlingo.com.br/termos/velocidade-do-clock,0,13,0%,4.08
https://www.devlingo.com.br/termos/axios,0,13,0%,4.15
https://www.devlingo.com.br/termos/intersection-observer,0,13,0%,4.15
https://www.devlingo.com.br/termos/equalizer,0,13,0%,4.46
https://www.devlingo.com.br/termos/xsl-fo,0,13,0%,4.54
https://www.devlingo.com.br/termos/audio-mixing-console,0,13,0%,4.62
https://www.devlingo.com.br/termos/macos-sierra,0,13,0%,4.62
https://www.devlingo.com.br/termos/processamento-digital-de-sinais,0,13,0%,4.92
https://www.devlingo.com.br/termos/ondas-de-materia,0,13,0%,5
https://www.devlingo.com.br/termos/web-api,0,13,0%,5.08
https://www.devlingo.com.br/termos/java-input-output-io,0,13,0%,5.15
https://www.devlingo.com.br/termos/lz77-algorithm,0,13,0%,5.38
https://www.devlingo.com.br/termos/uart,0,13,0%,5.69
https://www.devlingo.com.br/termos/inno-setup,0,13,0%,5.85
https://www.devlingo.com.br/termos/padrao-de-captacao-de-som,0,13,0%,6.23
https://www.devlingo.com.br/termos/suporte-ventilatorio,0,13,0%,6.38
https://www.devlingo.com.br/termos/condutividade-termica,0,13,0%,7.15
https://www.devlingo.com.br/termos/access-point,0,13,0%,7.69
https://www.devlingo.com.br/termos/ejb,0,13,0%,8.23
https://www.devlingo.com.br/termos/auto-scaling,0,13,0%,14.54
https://www.devlingo.com.br/termos/database-connection-errors,0,12,0%,1.67
https://www.devlingo.com.br/termos/aes,0,12,0%,3.08
https://www.devlingo.com.br/termos/same-origin-policy,0,12,0%,3.5
https://www.devlingo.com.br/termos/spring-data-jpa,0,12,0%,3.75
https://www.devlingo.com.br/termos/syntax-errors,0,12,0%,3.75
https://www.devlingo.com.br/termos/furniture-design,0,12,0%,3.92
https://www.devlingo.com.br/por-que-aprender/espectroscopia,0,12,0%,4.67
https://www.devlingo.com.br/termos/ai-modeling,0,12,0%,4.75
https://www.devlingo.com.br/termos/jsf,0,12,0%,4.83
https://www.devlingo.com.br/termos/polarizacao-microfones,0,12,0%,4.92
https://www.devlingo.com.br/termos/autocloseable-interface,0,12,0%,5.08
https://www.devlingo.com.br/termos/free-software-foundation,0,12,0%,5.17
https://www.devlingo.com.br/termos/pdf-generation,0,12,0%,5.33
https://www.devlingo.com.br/por-que-aprender/r-sf,0,12,0%,5.75
https://www.devlingo.com.br/termos/dotnet-framework,0,12,0%,5.75
https://www.devlingo.com.br/termos/stax,0,12,0%,5.75
https://www.devlingo.com.br/termos/space-division-multiplexing,0,12,0%,6.08
https://www.devlingo.com.br/termos/functional-test,0,12,0%,6.33
https://www.devlingo.com.br/termos/mockup,0,12,0%,6.33
https://www.devlingo.com.br/termos/infrared,0,12,0%,6.42
https://www.devlingo.com.br/termos/srcset,0,12,0%,6.42
https://www.devlingo.com.br/termos/wsl,0,12,0%,6.42
https://www.devlingo.com.br/termos/algoritmo-de-kruskal,0,12,0%,6.67
https://www.devlingo.com.br/termos/conector-rca,0,12,0%,6.83
https://www.devlingo.com.br/termos/css-em-javafx,0,12,0%,7.75
https://www.devlingo.com.br/termos/processing,0,12,0%,8.33
https://www.devlingo.com.br/termos/shift-operators,0,12,0%,8.5
https://www.devlingo.com.br/termos/theano,0,12,0%,9.83
https://www.devlingo.com.br/termos/phase-shift-keying,0,12,0%,10.08
https://www.devlingo.com.br/termos/tecnologia-de-iluminacao,0,11,0%,2.45
https://www.devlingo.com.br/termos/vulnerabilidade-de-software,0,11,0%,2.55
https://www.devlingo.com.br/termos/surround-sound,0,11,0%,3.18
https://www.devlingo.com.br/termos/consistencia-de-dados,0,11,0%,3.55
https://www.devlingo.com.br/termos/message-queue,0,11,0%,3.55
https://www.devlingo.com.br/termos/memory-slots,0,11,0%,3.91
https://www.devlingo.com.br/termos/refresh-rate,0,11,0%,4.36
https://www.devlingo.com.br/termos/keyboard-event,0,11,0%,4.45
https://www.devlingo.com.br/termos/javax-swing,0,11,0%,4.55
https://www.devlingo.com.br/termos/performance,0,11,0%,5.09
https://www.devlingo.com.br/termos/timbre,0,11,0%,5.09
https://www.devlingo.com.br/termos/cache-coherence,0,11,0%,6.09
https://www.devlingo.com.br/termos/graphical-software,0,11,0%,6.09
https://www.devlingo.com.br/termos/qualidade-de-impressao,0,11,0%,6.27
https://www.devlingo.com.br/termos/intel-core,0,11,0%,6.82
https://www.devlingo.com.br/por-que-aprender/neutralization-reactions,0,11,0%,6.91
https://www.devlingo.com.br/termos/osciladores,0,11,0%,7.27
https://www.devlingo.com.br/termos/string-concatenation,0,11,0%,7.27
https://www.devlingo.com.br/termos/fixed-assets,0,11,0%,7.64
https://www.devlingo.com.br/por-que-aprender/java-illegalargumentexception,0,11,0%,8.64
https://www.devlingo.com.br/termos/depth-first-search,0,11,0%,9
https://www.devlingo.com.br/termos/par-trancado,0,11,0%,9.09
https://www.devlingo.com.br/termos/vibracao,0,11,0%,10
https://www.devlingo.com.br/termos/dlss,0,11,0%,13.18
https://www.devlingo.com.br/termos/public-domain,0,11,0%,14.09
https://www.devlingo.com.br/termos/behat,0,11,0%,14.18
https://www.devlingo.com.br/termos/mono-sound,0,10,0%,1.8
https://www.devlingo.com.br/termos/caixa-de-som-profissional,0,10,0%,2.2
https://www.devlingo.com.br/termos/fingerprint-scanner,0,10,0%,2.9
https://www.devlingo.com.br/termos/pom-xml,0,10,0%,3.1
https://www.devlingo.com.br/termos/multi-core-processor,0,10,0%,3.4
https://www.devlingo.com.br/termos/network-diagnostics,0,10,0%,3.7
https://www.devlingo.com.br/termos/raster-graphics-editor,0,10,0%,3.7
https://www.devlingo.com.br/termos/sintese-subtrativa,0,10,0%,3.7
https://www.devlingo.com.br/termos/tuple,0,10,0%,4.1
https://www.devlingo.com.br/termos/maratona-de-programacao,0,10,0%,4.2
https://www.devlingo.com.br/termos/cpu-cycles,0,10,0%,4.3
https://www.devlingo.com.br/termos/uptime,0,10,0%,4.4
https://www.devlingo.com.br/termos/usb-interface,0,10,0%,4.4
https://www.devlingo.com.br/termos/oleos-carreadores,0,10,0%,4.7
https://www.devlingo.com.br/termos/virtual-device,0,10,0%,4.7
https://www.devlingo.com.br/termos/sizes,0,10,0%,5.2
https://www.devlingo.com.br/termos/soap,0,10,0%,5.3
https://www.devlingo.com.br/termos/spatial-sound,0,10,0%,5.3
https://www.devlingo.com.br/termos/mysql-error-1048,0,10,0%,5.4
https://www.devlingo.com.br/termos/microelectronics,0,10,0%,5.5
https://www.devlingo.com.br/termos/rstudio,0,10,0%,5.6
https://www.devlingo.com.br/termos/accelerometer,0,10,0%,5.7
https://www.devlingo.com.br/termos/fileoutputstream,0,10,0%,5.8
https://www.devlingo.com.br/termos/indexerror,0,10,0%,5.9
https://www.devlingo.com.br/termos/lifecycle-management,0,10,0%,6.1
https://www.devlingo.com.br/termos/assembly,0,10,0%,6.3
https://www.devlingo.com.br/termos/java-linkedhashmap,0,10,0%,6.4
https://www.devlingo.com.br/termos/nunit,0,10,0%,6.4
https://www.devlingo.com.br/termos/task-scheduler,0,10,0%,6.4
https://www.devlingo.com.br/termos/tecnologia-ambiental,0,10,0%,6.4
https://www.devlingo.com.br/termos/heranca-python,0,10,0%,6.7
https://www.devlingo.com.br/termos/configure,0,10,0%,7.3
https://www.devlingo.com.br/termos/linked-lists,0,10,0%,7.4
https://www.devlingo.com.br/termos/davinci-resolve-microphone,0,10,0%,7.5
https://www.devlingo.com.br/termos/java-abstract-classes,0,10,0%,8.3
https://www.devlingo.com.br/termos/cooler-de-processador,0,10,0%,8.4
https://www.devlingo.com.br/termos/haskell,0,10,0%,8.9
https://www.devlingo.com.br/por-que-aprender/buffering,0,10,0%,9
https://www.devlingo.com.br/por-que-aprender/iomanip,0,10,0%,9.4
https://www.devlingo.com.br/termos/scipy,0,10,0%,9.5
https://www.devlingo.com.br/termos/brand-protection,0,10,0%,9.6
https://www.devlingo.com.br/termos/graphics-processing-unit,0,9,0%,1.78
https://www.devlingo.com.br/termos/envelope-adsr,0,9,0%,1.89
https://www.devlingo.com.br/termos/adjacency-list,0,9,0%,2.33
https://www.devlingo.com.br/termos/prestashop,0,9,0%,2.33
https://www.devlingo.com.br/termos/divide-and-conquer,0,9,0%,2.56
https://www.devlingo.com.br/termos/calibracao-de-cores,0,9,0%,2.89
https://www.devlingo.com.br/termos/high-fidelity-audio,0,9,0%,3.33
https://www.devlingo.com.br/termos/jtextarea,0,9,0%,3.67
https://www.devlingo.com.br/termos/mono,0,9,0%,3.78
https://www.devlingo.com.br/termos/amd-epyc,0,9,0%,3.89
https://www.devlingo.com.br/termos/amplitude-modulation,0,9,0%,3.89
https://www.devlingo.com.br/termos/scroll-wheel,0,9,0%,4
https://www.devlingo.com.br/termos/game-development,0,9,0%,4.11
https://www.devlingo.com.br/termos/java-visibility,0,9,0%,4.11
https://www.devlingo.com.br/termos/lung-capacity,0,9,0%,4.22
https://www.devlingo.com.br/termos/line-charts,0,9,0%,4.44
https://www.devlingo.com.br/termos/lossless-audio,0,9,0%,4.56
https://www.devlingo.com.br/termos/estudios-de-gravacao,0,9,0%,4.78
https://www.devlingo.com.br/termos/mockito,0,9,0%,4.78
https://www.devlingo.com.br/termos/interpolation,0,9,0%,4.89
https://www.devlingo.com.br/termos/fft,0,9,0%,5.11
https://www.devlingo.com.br/termos/nativescript,0,9,0%,5.44
https://www.devlingo.com.br/termos/inkjet-printing,0,9,0%,5.56
https://www.devlingo.com.br/termos/interpreters,0,9,0%,5.67
https://www.devlingo.com.br/termos/docker-desktop,0,9,0%,5.89
https://www.devlingo.com.br/termos/heaps,0,9,0%,5.89
https://www.devlingo.com.br/termos/mousewheel,0,9,0%,6
https://www.devlingo.com.br/termos/java-throws,0,9,0%,6.11
https://www.devlingo.com.br/termos/capas-para-celular,0,9,0%,6.22
https://www.devlingo.com.br/termos/fileinputstream,0,9,0%,6.33
https://www.devlingo.com.br/termos/rdbms,0,9,0%,6.33
https://www.devlingo.com.br/termos/thunderbolt,0,9,0%,6.33
https://www.devlingo.com.br/termos/truth-table,0,9,0%,6.33
https://www.devlingo.com.br/termos/grails,0,9,0%,6.44
https://www.devlingo.com.br/termos/8k,0,9,0%,6.56
https://www.devlingo.com.br/termos/assignment-operators,0,9,0%,6.56
https://www.devlingo.com.br/termos/automation-script,0,9,0%,6.67
https://www.devlingo.com.br/termos/event-emitter,0,9,0%,7.11
https://www.devlingo.com.br/termos/microsoft-edge,0,9,0%,7.11
https://www.devlingo.com.br/termos/7-zip,0,9,0%,7.44
https://www.devlingo.com.br/termos/java-reference-data-types,0,9,0%,7.56
https://www.devlingo.com.br/termos/templates-cpp,0,9,0%,7.56
https://www.devlingo.com.br/termos/latencia-de-audio,0,9,0%,7.78
https://www.devlingo.com.br/termos/serializable-interface,0,9,0%,7.78
https://www.devlingo.com.br/por-que-aprender/java-runtimeexception,0,9,0%,7.89
https://www.devlingo.com.br/termos/adobe-premiere-pro,0,9,0%,7.89
https://www.devlingo.com.br/compare/uptime/vs/downtime,0,9,0%,8.44
https://www.devlingo.com.br/termos/media-players,0,9,0%,8.78
https://www.devlingo.com.br/termos/phonegap-build,0,9,0%,9
https://www.devlingo.com.br/termos/anti-ghosting,0,9,0%,9.67
https://www.devlingo.com.br/termos/standing-desk,0,9,0%,9.67
https://www.devlingo.com.br/termos/python-inheritance,0,9,0%,16.78
https://www.devlingo.com.br/termos/ansible,0,8,0%,2.5
https://www.devlingo.com.br/termos/ciclo-hidrologico,0,8,0%,3.38
https://www.devlingo.com.br/termos/sinal-analógico,0,8,0%,3.5
https://www.devlingo.com.br/termos/biginteger,0,8,0%,3.75
https://www.devlingo.com.br/termos/java-7,0,8,0%,3.88
https://www.devlingo.com.br/termos/distortion,0,8,0%,4.12
https://www.devlingo.com.br/termos/jar-files,0,8,0%,4.12
https://www.devlingo.com.br/termos/testes-point-of-care,0,8,0%,4.25
https://www.devlingo.com.br/termos/r-cnn,0,8,0%,4.62
https://www.devlingo.com.br/termos/build-process,0,8,0%,4.75
https://www.devlingo.com.br/por-que-aprender/tkinter,0,8,0%,5
https://www.devlingo.com.br/termos/circuitos-digitais,0,8,0%,5.12
https://www.devlingo.com.br/termos/jhipster,0,8,0%,5.12
https://www.devlingo.com.br/termos/activation-functions,0,8,0%,5.38
https://www.devlingo.com.br/termos/audio-plugins,0,8,0%,5.62
https://www.devlingo.com.br/termos/orthogonal-frequency-division-multiplexing,0,8,0%,5.75
https://www.devlingo.com.br/termos/encapsulamento-em-python,0,8,0%,5.88
https://www.devlingo.com.br/termos/healthy-lifestyle,0,8,0%,5.88
https://www.devlingo.com.br/termos/gradient-descent,0,8,0%,6
https://www.devlingo.com.br/termos/bubble-sort,0,8,0%,6.12
https://www.devlingo.com.br/termos/okhttp,0,8,0%,6.62
https://www.devlingo.com.br/termos/abstracao-em-python,0,8,0%,6.75
https://www.devlingo.com.br/termos/r-markdown,0,8,0%,6.88
https://www.devlingo.com.br/termos/multiprocessing,0,8,0%,7.38
https://www.devlingo.com.br/termos/java-11,0,8,0%,7.5
https://www.devlingo.com.br/termos/wireshark,0,8,0%,7.5
https://www.devlingo.com.br/termos/branch-and-bound,0,8,0%,7.75
https://www.devlingo.com.br/termos/cout-objeto,0,8,0%,7.75
https://www.devlingo.com.br/termos/surveillance-camera,0,8,0%,7.75
https://www.devlingo.com.br/termos/indice-reducao-sonora,0,8,0%,7.88
https://www.devlingo.com.br/termos/quik,0,8,0%,8.25
https://www.devlingo.com.br/termos/lampada-led,0,8,0%,29.38
https://www.devlingo.com.br/termos/mpls,0,8,0%,33.62